feature_name,agop_mean_importance,agop_std_importance,agop_max_importance,num_leaves_detected,pca_importance,mi_importance,permutation_importance,rank_agop,rank_pca,rank_mi,rank_permutation,mean_rank,rank_spread
grlivarea,0.2141392724401712,,0.2141392724401712,1,0.07369165869043626,0.44304621477894424,23387.977015976125,1.0,4.0,2.0,1.0,2.0,3.0
yearbuilt,0.1124626676172419,,0.1124626676172419,1,0.07396300467359508,0.32135190628970056,13233.38162148844,2.0,3.0,5.0,2.0,3.0,3.0
overallqual,0.09525869975067361,,0.09525869975067361,1,0.053721774604708485,0.5183916964918338,11521.606777096316,3.0,15.0,1.0,3.0,5.5,14.0
lotarea,0.06460921916226778,,0.06460921916226778,1,0.036614145115408295,0.1476188424443623,982.1618159210047,4.0,24.0,23.0,7.0,14.5,20.0
neighborhood_Crawfor,0.06110165359353823,,0.06110165359353823,1,0.002678369965880765,0.006594208711850236,783.0835855492485,5.0,146.0,163.0,8.0,80.5,158.0
bsmtexposure_Gd,0.05731339522036079,,0.05731339522036079,1,0.010048465138098666,0.03114258801913672,674.8928082760096,6.0,72.0,77.0,10.0,41.25,71.0
exterior1st_BrkFace,0.05248208128817718,,0.05248208128817718,1,0.0021339607683514084,0.0013501670240396724,522.5515910993411,7.0,162.0,207.0,11.0,96.75,200.0
totalbsmtsf,0.04222950904675596,,0.04222950904675596,1,0.07569569249676919,0.32460494968758935,4084.7535832401554,8.0,1.0,4.0,5.0,4.5,7.0
neighborhood_StoneBr,0.042196613813130994,,0.042196613813130994,1,0.0022261801050819686,0.01090494301440681,-105.72108418708085,9.0,157.0,146.0,280.0,148.0,271.0
overallcond,0.03810850751983483,,0.03810850751983483,1,0.03886812301524714,0.13067462313158584,4116.503711777433,10.0,22.0,25.0,4.0,15.25,21.0
kitchenqual_Ex,0.033324004440040224,,0.033324004440040224,1,0.007725927606495497,0.0861265142872647,235.86540038327,11.0,91.0,37.0,15.0,38.5,80.0
salecondition_Abnorml,0.0308825488548915,,0.0308825488548915,1,0.003068271163293989,0.004594002794645835,88.0525202177254,12.0,138.0,185.0,23.0,89.5,173.0
condition1_Norm,0.024154749238880648,,0.024154749238880648,1,0.00649387591290321,0.02889406096205427,132.420456057891,13.0,96.0,81.0,19.0,52.25,83.0
functional_Typ,0.023406691395792042,,0.023406691395792042,1,0.004522893191841978,0.0,-24.66528654598951,14.0,111.0,252.0,275.0,163.0,261.0
bsmtqual_Ex,0.014264046903800702,,0.014264046903800702,1,0.009996477160999653,0.09294762903870746,-18.59010050607467,15.0,73.0,34.0,274.0,99.0,259.0
bsmtfinsf1,0.011295583127493954,,0.011295583127493954,1,0.07350612247390755,0.10802784029714951,1485.41502542179,16.0,5.0,30.0,6.0,14.25,25.0
garagecars,0.008591942096033414,,0.008591942096033414,1,0.047920661984703294,0.34145100151555985,754.5568238187421,17.0,19.0,3.0,9.0,12.0,16.0
exterqual_Ex,0.007763773717337099,,0.007763773717337099,1,0.005427584560416654,0.06099712806122737,61.68929860354401,18.0,106.0,48.0,26.0,49.5,88.0
2ndflrsf,0.006641215493710291,,0.006641215493710291,1,0.06929636651643148,0.21332079907839185,245.9107786587534,19.0,6.0,14.0,14.0,13.25,13.0
yearremodadd,0.006011956940908803,,0.006011956940908803,1,0.06259371938228407,0.2628930941495775,383.1967682666676,20.0,11.0,9.0,13.0,13.25,11.0
mszoning_RM,0.005780839126606009,,0.005780839126606009,1,0.01381570459686249,0.0729391551307117,103.70278702776923,21.0,58.0,43.0,22.0,36.0,37.0
lotconfig_CulDSac,0.0050522483119913066,,0.0050522483119913066,1,0.004032410949496117,0.017125081215711546,63.346714372635326,22.0,120.0,112.0,25.0,69.75,98.0
fireplaces,0.004870002287997533,,0.004870002287997533,1,0.05427764142290732,0.17098038101452961,127.38322985052727,23.0,14.0,20.0,21.0,19.5,9.0
saletype_New,0.004382139552490162,,0.004382139552490162,1,0.010276845088400287,0.053655548302927514,-61.06528937952025,24.0,70.0,54.0,278.0,106.5,254.0
landcontour_HLS,0.004318139991232287,,0.004318139991232287,1,0.0016633872452220314,0.024867654975442077,-8.499412047805526,25.0,179.0,91.0,271.0,141.5,246.0
salecondition_Partial,0.004084190630907768,,0.004084190630907768,1,0.010512780191343744,0.08394120125226445,-95.4237239850685,26.0,69.0,38.0,279.0,103.0,253.0
bsmtfullbath,0.0029775762569959016,,0.0029775762569959016,1,0.06325846025081938,0.02864814240669311,493.96820074735734,27.0,10.0,82.0,12.0,32.75,72.0
lotconfig_FR2,0.0023830995715259174,,0.0023830995715259174,1,0.0014413152418792736,0.0,8.883770728156378,28.0,186.0,252.0,34.0,125.0,224.0
garagearea,0.001996821092315301,,0.001996821092315301,1,0.04981331451817487,0.3199452186202625,183.44515587223503,29.0,18.0,6.0,17.0,17.5,23.0
mssubclass,0.001967304847579343,,0.001967304847579343,1,0.052332412639940665,0.26653130030328187,128.73962849750242,30.0,16.0,8.0,20.0,18.5,22.0
neighborhood_Edwards,0.00179355764973825,,0.00179355764973825,1,0.004439857778217789,0.029833307679444365,20.63849555539855,31.0,112.0,79.0,30.0,63.0,82.0
foundation_PConc,0.0016221546840222698,,0.0016221546840222698,1,0.03008990791289276,0.16507473865821565,31.635714963705688,32.0,28.0,21.0,28.0,27.25,11.0
screenporch,0.0014021248314001896,,0.0014021248314001896,1,0.026185214240301784,0.03694670681490875,202.04712285429122,33.0,33.0,70.0,16.0,38.0,54.0
kitchenabvgr,0.001358532723694782,,0.001358532723694782,1,0.04209185640567553,0.02386657526360958,183.04084216841292,34.0,21.0,93.0,18.0,41.5,75.0
fullbath,0.001126042413285388,,0.001126042413285388,1,0.06517414011468402,0.24371394320504391,52.62856123145175,35.0,9.0,10.0,27.0,20.25,26.0
bedroomabvgr,0.000870853865172341,,0.000870853865172341,1,0.04696688020330074,0.0382551654753871,66.51931426142619,36.0,20.0,68.0,24.0,37.0,48.0
halfbath,0.0007409653667498925,,0.0007409653667498925,1,0.06082476619101683,0.06547870904372655,18.80321712980949,37.0,12.0,46.0,31.0,31.5,34.0
3ssnporch,0.000703726837086926,,0.000703726837086926,1,0.01160391693662504,0.0,-28.850751959897025,38.0,64.0,252.0,277.0,157.75,239.0
1stflrsf,0.0006724609689357983,,0.0006724609689357983,1,0.07549355958006686,0.3193624617567661,-26.664605759976986,39.0,2.0,7.0,276.0,81.0,274.0
neighborhood_NridgHt,0.0006648128231293401,,0.0006648128231293401,1,0.006471335502323004,0.07568283996736813,24.101162156039937,40.0,97.0,41.0,29.0,51.75,68.0
bsmtfintype1_GLQ,0.0006020206276705576,,0.0006020206276705576,1,0.024637840072158152,0.10134956907221038,14.123882799262356,41.0,42.0,33.0,33.0,37.25,9.0
saletype_WD,0.0005974421007174496,,0.0005974421007174496,1,0.009390227178128265,0.04746254224899071,2.4340088670469413,42.0,80.0,57.0,40.0,54.75,40.0
bldgtype_1Fam,0.0004907996817314101,,0.0004907996817314101,1,0.01462158914731621,0.031654790989826154,3.6276684789147113,43.0,55.0,76.0,38.0,53.0,38.0
neighborhood_NoRidge,0.0004172265762219806,,0.0004172265762219806,1,0.0034297810786466753,0.03645213608100617,-0.9236066779543762,44.0,131.0,71.0,267.0,128.25,223.0
extercond_Gd,0.0003415033863584023,,0.0003415033863584023,1,0.006019755795019752,0.0,-8.072953611500997,45.0,102.0,252.0,269.0,167.0,224.0
mszoning_FV,0.0003133378995605438,,0.0003133378995605438,1,0.004906195924400724,0.016938949216152244,14.626054501836188,46.0,110.0,113.0,32.0,75.25,81.0
masvnrtype_Stone,0.00030446466337035583,,0.00030446466337035583,1,0.009418739998749696,0.05870230433882928,-11.283556060131378,47.0,79.0,49.0,273.0,112.0,226.0
exterqual_TA,0.0002900596865241382,,0.0002900596865241382,1,0.027124268174217033,0.23509202650419692,6.313282577685459,48.0,32.0,12.0,36.0,32.0,36.0
bsmtcond_TA,0.0002884040956451877,,0.0002884040956451877,1,0.0024806864851365006,0.006258090300072183,-0.09707288804856944,49.0,151.0,165.0,261.0,156.5,212.0
garageyrblt,0.00026368719976208103,,0.00026368719976208103,1,0.06901342336894996,0.23869876415336178,-8.258469831521506,50.0,7.0,11.0,270.0,84.5,263.0
kitchenqual_TA,0.00021715380817057065,,0.00021715380817057065,1,0.02492664060473002,0.2012137946835586,-0.30579216224941774,51.0,40.0,17.0,264.0,93.0,247.0
neighborhood_NAmes,0.00014330345376093858,,0.00014330345376093858,1,0.010652444650263241,0.05172087200325359,0.6907572487856669,52.0,68.0,55.0,45.0,55.0,23.0
openporchsf,7.56912681608665e-05,,7.56912681608665e-05,1,0.031175590114809765,0.13467259476202065,4.70786471430547,53.0,27.0,24.0,37.0,35.25,29.0
lotfrontage,7.358418649096445e-05,,7.358418649096445e-05,1,0.051815046261694045,0.18920602861755542,6.398035642135073,54.0,17.0,18.0,35.0,31.0,37.0
bsmtexposure_No,7.064320175396952e-05,,7.064320175396952e-05,1,0.017894761356804095,0.04692609494013511,-0.8849002785202174,55.0,47.0,58.0,266.0,106.5,219.0
totrmsabvgrd,6.458625498100729e-05,,6.458625498100729e-05,1,0.06789121312665693,0.129453463001032,-0.017994041177007602,56.0,8.0,26.0,251.0,85.25,243.0
paveddrive_Y,4.999995638182266e-05,,4.999995638182266e-05,1,0.008233640270623286,0.03286028002200947,0.41500382554877435,57.0,89.0,74.0,46.0,66.5,43.0
mosold,4.708917012403313e-05,,4.708917012403313e-05,1,0.006928518243851125,0.001701839915067005,-8.87780631461501,58.0,93.0,204.0,272.0,156.75,214.0
heatingqc_Ex,3.340472194918766e-05,,3.340472194918766e-05,1,0.024668888692494183,0.12373766231901207,0.9140425012308697,59.0,41.0,28.0,43.0,42.75,31.0
masvnrarea,2.6225913047643385e-05,,2.6225913047643385e-05,1,0.03755452728292617,0.05499133798633293,-1.0912072597966471,60.0,23.0,53.0,268.0,101.0,245.0
neighborhood_Mitchel,2.4905774267182273e-05,,2.4905774267182273e-05,1,0.0015816749258825077,0.01986116756209455,0.1195414519010228,61.0,181.0,104.0,48.0,98.5,133.0
bsmtfinsf2,2.4408990431627467e-05,,2.4408990431627467e-05,1,0.024451553790633344,0.005748907337700615,2.8877969715074867,62.0,43.0,172.0,39.0,79.0,133.0
garagefinish_RFn,2.2750127609310364e-05,,2.2750127609310364e-05,1,0.01251666821440235,0.050741744237775555,-0.16093804567135522,63.0,60.0,56.0,262.0,110.25,206.0
poolarea,1.918521754980786e-05,,1.918521754980786e-05,1,0.025545489080930444,0.0,0.0,64.0,35.0,252.0,157.5,127.125,217.0
bsmtqual_TA,1.9080398506956607e-05,,1.9080398506956607e-05,1,0.02958047498555631,0.20564989442073545,-0.20391335615204298,65.0,30.0,16.0,263.0,93.5,247.0
neighborhood_OldTown,1.812218807909372e-05,,1.812218807909372e-05,1,0.009501257763734342,0.0237068745246507,0.09927856337671984,66.0,78.0,94.0,50.0,72.0,44.0
enclosedporch,1.7469683110313075e-05,,1.7469683110313075e-05,1,0.03469319793647263,0.023410509236299726,1.6429713022669603,67.0,25.0,95.0,41.0,57.0,70.0
yrsold,1.7086825226646537e-05,,1.7086825226646537e-05,1,0.009184820170101903,0.009928642824905687,0.7372368996984733,68.0,81.0,152.0,44.0,86.25,108.0
bsmtcond_Fa,1.4356955624073887e-05,,1.4356955624073887e-05,1,0.0039640058149524844,0.017198692340792965,-0.000288369524787413,69.0,124.0,111.0,232.0,134.0,163.0
condition1_Artery,1.2119363923619762e-05,,1.2119363923619762e-05,1,0.003565869974057523,0.010461965343273816,0.07041555263131158,70.0,128.0,149.0,54.0,100.25,95.0
exterior2nd_VinylSd,1.0381307607284923e-05,,1.0381307607284923e-05,1,0.02526966470843102,0.08889999395086234,-0.5161113793830736,71.0,38.0,35.0,265.0,102.25,230.0
neighborhood_Timber,1.001542176128139e-05,,1.001542176128139e-05,1,0.0020525669086596055,0.009000238644913505,0.07306681749687413,72.0,166.0,157.0,53.0,112.0,113.0
wooddecksf,9.39195061567446e-06,,9.39195061567446e-06,1,0.034243627153910924,0.10449824287773701,1.1467798081110232,73.0,26.0,32.0,42.0,43.25,47.0
neighborhood_BrkSide,8.018567968229243e-06,,8.018567968229243e-06,1,0.003493669630577705,0.020326791660282062,0.08976479148768704,74.0,129.0,103.0,52.0,89.5,77.0
fireplacequ_Fa,7.291552279615765e-06,,7.291552279615765e-06,1,0.001411911304332368,0.009782320446619863,0.016404186823638155,75.0,187.0,153.0,70.0,121.25,117.0
exterior1st_Plywood,6.302629989052579e-06,,6.302629989052579e-06,1,0.0032781521264782306,0.0,0.022256738796568244,76.0,136.0,252.0,65.0,132.25,187.0
neighborhood_SawyerW,5.309616211212882e-06,,5.309616211212882e-06,1,0.0015778876626910258,0.005950709696250334,0.027111156829050742,77.0,182.0,168.0,60.0,121.75,122.0
foundation_CBlock,4.569707118149685e-06,,4.569707118149685e-06,1,0.021665938896980305,0.07451307960504527,-0.017959677526232554,78.0,46.0,42.0,250.0,104.0,208.0
exterior1st_Wd Sdng,4.374213176200492e-06,,4.374213176200492e-06,1,0.012095563503097193,0.04547396549077454,0.06508075422752882,79.0,62.0,60.0,55.0,64.0,24.0
neighborhood_CollgCr,3.237348797765547e-06,,3.237348797765547e-06,1,0.008944789735036473,0.04125581894014485,-0.08779712634786847,80.0,83.0,63.0,260.0,121.5,197.0
centralair_N,3.0313906745577968e-06,,3.0313906745577968e-06,1,0.00965866953678185,0.07002772969699422,0.016562630747648653,81.0,76.0,44.0,69.0,67.5,37.0
centralair_Y,3.031348022438911e-06,,3.031348022438911e-06,1,0.009658669536781852,0.06820996900792564,0.017727116485184526,82.0,75.0,45.0,68.0,67.5,37.0
exterior1st_MetalSd,2.3780174722338033e-06,,2.3780174722338033e-06,1,0.006666947956370727,0.010989410010184608,0.03735352758230874,83.0,95.0,143.0,57.0,94.5,86.0
exterior1st_VinylSd,2.3147863876402355e-06,,2.3147863876402355e-06,1,0.025506012410213223,0.08630690498347082,-0.06794056298967917,84.0,36.0,36.0,259.0,103.75,223.0
mszoning_RL,2.0365311700939793e-06,,2.0365311700939793e-06,1,0.016341244984804965,0.03826063981763661,0.11803573354045512,85.0,53.0,67.0,49.0,63.5,36.0
salecondition_Family,1.5507961809159733e-06,,1.5507961809159733e-06,1,0.0009810861783770908,0.0,0.026407185949938138,86.0,201.0,252.0,61.0,150.0,191.0
fence_MnPrv,1.3638907981662883e-06,,1.3638907981662883e-06,1,0.0052881951553267635,0.0,-0.035152140277932634,87.0,107.0,252.0,255.0,175.25,168.0
exterior2nd_Stucco,1.299002805347048e-06,,1.299002805347048e-06,1,0.0021910535477502376,0.0,-0.013199585319671314,88.0,159.0,252.0,249.0,187.0,164.0
bsmtfintype1_LwQ,9.504875703457914e-07,,9.504875703457914e-07,1,0.003999996871560767,0.013163549781299855,0.02926292315023602,89.0,123.0,131.0,59.0,100.5,72.0
bsmtqual_Gd,8.715205805027765e-07,,8.715205805027765e-07,1,0.02537570159753298,0.18719858674701761,0.023801885038847104,90.0,37.0,19.0,63.0,52.25,71.0
lowqualfinsf,8.316536060283628e-07,,8.316536060283628e-07,1,0.017077270364099378,0.0004165008814664972,0.09068181948314305,91.0,49.0,215.0,51.0,101.5,166.0
neighborhood_Somerst,6.813947680186678e-07,,6.813947680186678e-07,1,0.006022822553754068,0.04111695923607184,0.04166632561245933,92.0,101.0,64.0,56.0,78.25,45.0
exterior2nd_Plywood,4.768654907935974e-07,,4.768654907935974e-07,1,0.00434211505454145,0.008447977669899576,0.018895734338730107,93.0,118.0,158.0,67.0,109.0,91.0
bsmtexposure_Av,4.48258091429476e-07,,4.48258091429476e-07,1,0.008814855351966203,0.04081815370430397,-0.010629328507639002,94.0,85.0,65.0,248.0,123.0,183.0
landcontour_Bnk,4.071757506701629e-07,,4.071757506701629e-07,1,0.0040180125228965954,0.025726531880118975,-0.02612640563311288,95.0,122.0,88.0,254.0,139.75,166.0
extercond_TA,4.0021904887992584e-07,,4.0021904887992584e-07,1,0.007410221429761875,0.018247406933190602,-0.03952506064815679,96.0,92.0,108.0,257.0,138.25,165.0
roofstyle_Hip,3.8231864597628314e-07,,3.8231864597628314e-07,1,0.010987248522786963,0.013931930338106246,0.013283551984932274,97.0,66.0,127.0,73.0,90.75,61.0
exterior2nd_Wd Shng,3.102966480666649e-07,,3.102966480666649e-07,1,0.0010909975299261687,8.104323140267766e-05,0.015321145546477056,98.0,199.0,223.0,71.0,147.75,152.0
bsmtunfsf,2.7561348844998193e-07,,2.7561348844998193e-07,1,0.056265972925811245,0.12698760410148946,0.03688842339470284,99.0,13.0,27.0,58.0,49.25,86.0
neighborhood_MeadowV,2.6273303544275627e-07,,2.6273303544275627e-07,1,0.0018859866092309366,0.013710814977526464,0.004459253883396741,100.0,173.0,128.0,79.0,120.0,94.0
bsmthalfbath,2.411236266780218e-07,,2.411236266780218e-07,1,0.016479466826171126,0.005787443585185459,0.14930855965503725,101.0,52.0,171.0,47.0,92.75,124.0
masvnrtype_BrkFace,2.27248736597592e-07,,2.27248736597592e-07,1,0.008801810257443357,0.046196254246777535,-0.03688563488249201,102.0,86.0,59.0,256.0,125.75,197.0
bsmtfintype1_Unf,1.9217681460277551e-07,,1.9217681460277551e-07,1,0.022124976733266327,0.02598046309819968,-0.0006883234622364398,103.0,45.0,87.0,234.0,117.25,189.0
alley_Pave,1.650611804001356e-07,,1.650611804001356e-07,1,0.0020041684252003616,0.006425310716522414,0.023412493280920897,104.0,168.5,164.0,64.0,125.125,104.5
alley_Grvl,1.650609491243768e-07,,1.650609491243768e-07,1,0.0020041684252003616,0.0052254667654572096,0.012607927596400259,105.0,168.5,178.0,74.0,131.375,104.0
kitchenqual_Gd,1.5754594765239792e-07,,1.5754594765239792e-07,1,0.023204639253144557,0.1574988278730982,0.02626543309088447,106.0,44.0,22.0,62.0,58.5,84.0
paveddrive_N,1.3482710907270255e-07,,1.3482710907270255e-07,1,0.006715685907895875,0.03842790104123739,-0.0034535014994617084,107.0,94.0,66.0,242.0,127.25,176.0
salecondition_Normal,9.466706560846073e-08,,9.466706560846073e-08,1,0.00829937851621162,0.0010369242011569746,-0.019376772631221683,108.0,88.0,211.0,252.0,164.75,164.0
bsmtfintype2_ALQ,6.194074235938815e-08,,6.194074235938815e-08,1,0.0013808977407422326,0.0009454794374914588,-0.00017991816930589265,109.0,189.0,214.0,229.0,185.25,120.0
housestyle_2Story,5.217537906465726e-08,,5.217537906465726e-08,1,0.030064723801822592,0.028033982235561083,-0.039562560046033465,110.0,29.0,83.0,258.0,120.0,229.0
bsmtfintype1_ALQ,4.935145336008265e-08,,4.935145336008265e-08,1,0.008902477634675275,0.037944860654976376,-0.020845627554081148,111.0,84.0,69.0,253.0,129.25,184.0
fireplacequ_Ex,4.427461875630716e-08,,4.427461875630716e-08,1,0.0017020586395390142,0.021902580711109287,0.0005364942953747232,112.0,178.0,98.0,83.0,117.75,95.0
exterior2nd_MetalSd,3.7088792680447926e-08,,3.7088792680447926e-08,1,0.006211343721747467,0.02321060503742345,0.0011649051659333054,113.0,99.0,96.0,81.0,97.25,32.0
lotshape_Reg,3.44825218097203e-08,,3.44825218097203e-08,1,0.014265750276162132,0.07888717564572367,0.007220882678666385,114.0,57.0,40.0,76.0,71.75,74.0
garagetype_CarPort,3.121370675207407e-08,,3.121370675207407e-08,1,0.0007771393140461656,0.010462867143256949,0.000148075998731656,115.0,213.0,148.0,88.0,141.0,125.0
garagequal_Fa,2.981022502531011e-08,,2.981022502531011e-08,1,0.003785562496628185,0.011194860667999462,-0.00766650116929668,116.0,125.0,142.0,247.0,157.5,131.0
lotshape_IR2,2.9742923779499473e-08,,2.9742923779499473e-08,1,0.0023266726088564133,0.01640975518268295,-5.29538985574618e-05,117.0,155.0,115.0,226.0,153.25,111.0
foundation_BrkTil,2.7703488491874656e-08,,2.7703488491874656e-08,1,0.010886627749950969,0.01954501223661964,0.000430282240267843,118.0,67.0,105.0,84.0,93.5,51.0
garagecond_Fa,2.4970798031044337e-08,,2.4970798031044337e-08,1,0.0033134030024509413,0.01464988863989558,-0.0010075931648316327,119.0,133.0,121.0,237.0,152.5,118.0
masvnrtype_BrkCmn,2.1903990176301063e-08,,2.1903990176301063e-08,1,0.0009613577664373776,0.007613780393251668,0.00910332291823579,120.0,203.0,159.0,75.0,139.25,128.0
bldgtype_TwnhsE,1.3989458309445083e-08,,1.3989458309445083e-08,1,0.009954307170459177,0.011519027431158069,0.006732389801618411,121.0,74.0,140.0,77.0,103.0,66.0
exterior1st_WdShing,1.1999520598856482e-08,,1.1999520598856482e-08,1,0.0009739558005366958,0.010919151830676599,0.0005909530453209299,122.0,202.0,144.0,82.0,137.5,120.0
exterior2nd_Wd Sdng,1.1954858511040429e-08,,1.1954858511040429e-08,1,0.011731315474652974,0.04261349715848173,0.0045585913416289255,123.0,63.0,62.0,78.0,81.5,61.0
bsmtexposure_Mn,1.057010631686161e-08,,1.057010631686161e-08,1,0.0019666364865683302,0.017294212982223556,-0.0023356598096142987,124.0,170.0,110.0,240.0,161.0,130.0
saletype_COD,8.939533096671223e-09,,8.939533096671223e-09,1,0.0019424819656392398,0.020690223273975183,-0.0009940796357113869,125.0,171.0,102.0,236.0,158.5,134.0
landcontour_Lvl,8.860789787004192e-09,,8.860789787004192e-09,1,0.00364811949390559,0.0012775774014752717,0.0024805612905765884,126.0,126.0,208.0,80.0,135.0,128.0
functional_Min1,8.833784538286745e-09,,8.833784538286745e-09,1,0.0016535039844396947,0.0002015397970709376,-0.0002469754821504466,127.0,180.0,219.0,231.0,189.25,104.0
roofstyle_Gable,8.191871822759195e-09,,8.191871822759195e-09,1,0.010213138784301159,0.02791436885047882,0.020549154539912705,128.0,71.0,84.0,66.0,87.25,62.0
exterior1st_HdBoard,7.573059295192782e-09,,7.573059295192782e-09,1,0.00523429318826473,0.026396162347795515,-0.005480780864309054,129.0,108.0,86.0,244.0,141.75,158.0
garagefinish_Fin,7.52017398475547e-09,,7.52017398475547e-09,1,0.01603860547192294,0.10629269201459812,-0.0012880600806965958,130.0,54.0,31.0,238.0,113.25,207.0
garagefinish_Unf,7.358385179842425e-09,,7.358385179842425e-09,1,0.02776878198260665,0.22369744400305258,-0.007110224809730425,131.0,31.0,13.0,246.0,105.25,233.0
heatingqc_TA,6.851044524915255e-09,,6.851044524915255e-09,1,0.01717491237966271,0.07915555587169276,-0.005615378177026287,132.0,48.0,39.0,245.0,116.0,206.0
exterqual_Gd,6.0711476705695095e-09,,6.0711476705695095e-09,1,0.025252031850852577,0.20671890938295734,0.013340418064035475,133.0,39.0,15.0,72.0,64.75,118.0
bsmtfintype2_BLQ,5.941914352197337e-09,,5.941914352197337e-09,1,0.0013840856652066892,0.0,0.0,134.0,188.0,252.0,157.5,182.875,118.0
bsmtfintype1_BLQ,2.678427766309762e-09,,2.678427766309762e-09,1,0.006294830636983391,0.0248742684642711,0.00027602758709690536,135.0,98.0,90.0,86.0,102.25,49.0
landcontour_Low,2.5213603342885246e-09,,2.5213603342885246e-09,1,0.0021242158602028127,0.0,0.0,136.0,163.0,252.0,157.5,177.125,116.0
salecondition_Alloca,2.1141601809827063e-09,,2.1141601809827063e-09,1,0.0006773096630933959,0.0,-0.001682576305756811,137.0,217.0,252.0,239.0,211.25,115.0
extercond_Fa,1.5027302190853396e-09,,1.5027302190853396e-09,1,0.0021905326154592806,0.01529324929050535,-0.0003916555731848348,138.0,160.0,119.0,233.0,162.5,114.0
landslope_Mod,1.047024349830592e-09,,1.047024349830592e-09,1,0.0025609314064930955,0.0,-0.00014716674559167586,139.0,149.0,252.0,228.0,192.0,113.0
mszoning_C (all),8.209781619718988e-10,,8.209781619718988e-10,1,0.00047537021362413316,0.0053949215228228375,0.0,140.0,232.0,175.0,157.5,176.125,92.0
bsmtfintype2_Rec,7.795676287384409e-10,,7.795676287384409e-10,1,0.002849606276306014,0.005267843617125845,0.0,141.0,144.0,177.0,157.5,154.875,36.0
lotconfig_Inside,7.18375362823937e-10,,7.18375362823937e-10,1,0.005523891455773579,0.013973581295066984,-0.00416327096245368,142.0,105.0,126.0,243.0,154.0,138.0
heatingqc_Gd,6.970555322305463e-10,,6.970555322305463e-10,1,0.005855993678665407,0.015537222634178116,-0.0008841841270623263,143.0,104.0,118.0,235.0,150.0,131.0
housestyle_1.5Fin,6.957018272854353e-10,,6.957018272854353e-10,1,0.009141678238623085,0.031753240371139135,0.000241924657166237,144.0,82.0,75.0,87.0,97.0,69.0
bldgtype_Twnhs,5.331939944068138e-10,,5.331939944068138e-10,1,0.004340272417852929,0.013159098510587386,0.0,145.0,119.0,132.0,157.5,138.375,38.5
condition2_Norm,3.8004909720466313e-10,,3.8004909720466313e-10,1,0.0012531922380807359,0.0,0.0,146.0,192.0,252.0,157.5,186.875,106.0
garagetype_Attchd,3.461390498462174e-10,,3.461390498462174e-10,1,0.016844293810212248,0.04344676980121909,-6.779496106901206e-05,147.0,51.0,61.0,227.0,121.5,176.0
exterior2nd_CmentBd,3.0726185155377017e-10,,3.0726185155377017e-10,1,0.002849484951963128,0.035062208404282647,0.0,148.0,145.0,72.0,157.5,130.625,85.5
exterior1st_CemntBd,2.382586320284233e-10,,2.382586320284233e-10,1,0.0029308317282995943,0.019540299378691728,-0.0001901458002976142,149.0,141.0,106.0,230.0,156.5,124.0
bldgtype_Duplex,2.0561482420425154e-10,,2.0561482420425154e-10,1,0.004405820140173379,0.005426634436326738,0.0004035657868371345,150.0,115.0,174.0,85.0,131.0,89.0
neighborhood_NWAmes,1.8682283670356934e-10,,1.8682283670356934e-10,1,0.0032403410604363845,0.020977921198235938,0.0,151.0,137.0,101.0,157.5,136.625,56.5
garagetype_Detchd,1.6776152278085184e-10,,1.6776152278085184e-10,1,0.016917331907687377,0.10934833353174467,0.0,152.0,50.0,29.0,157.5,97.125,128.5
fireplacequ_TA,1.602896848591038e-10,,1.602896848591038e-10,1,0.012303041582930664,0.05698278318023431,0.0,153.0,61.0,52.0,157.5,105.875,105.5
housestyle_2.5Unf,1.5781393111544236e-10,,1.5781393111544236e-10,1,0.0012513967742786725,0.009527722459481192,0.0,154.0,193.0,156.0,157.5,165.125,39.0
garagecond_TA,1.4726473243148642e-10,,1.4726473243148642e-10,1,0.004027069680577937,0.013470974621699883,0.0,155.0,121.0,129.0,157.5,140.625,36.5
bsmtfintype2_Unf,1.397700950183025e-10,,1.397700950183025e-10,1,0.008016126156649905,0.015891221829535507,0.0,156.0,90.0,116.0,157.5,129.875,67.5
housestyle_1.5Unf,1.3786486348082828e-10,,1.3786486348082828e-10,1,0.0010521922856615228,0.01132693024252851,0.0,157.0,200.0,141.0,157.5,163.875,59.0
landslope_Gtl,1.2350221805542217e-10,,1.2350221805542217e-10,1,0.003636964198079885,0.0,6.651903750025668e-05,158.0,127.0,252.0,89.0,156.5,163.0
garagequal_Gd,1.1641611709774907e-10,,1.1641611709774907e-10,1,0.000736532085356056,0.00038162029321653357,0.0,159.0,216.0,217.0,157.5,187.375,59.5
miscval,9.410956065184892e-11,,9.410956065184892e-11,1,0.012591303343426483,0.0,-0.0024047293423791415,160.0,59.0,252.0,241.0,178.0,193.0
garagetype_BuiltIn,8.767241904543083e-11,,8.767241904543083e-11,1,0.008678867354854155,0.02199688537850686,0.0,161.0,87.0,97.0,157.5,125.625,74.0
lotshape_IR1,6.365052182115094e-11,,6.365052182115094e-11,1,0.01149008725438792,0.05851935655177365,0.0,162.0,65.0,50.0,157.5,108.625,112.0
neighborhood_IDOTRR,3.868990784031405e-11,,3.868990784031405e-11,1,0.002424885619341999,0.014290160133360041,0.0,163.0,152.0,124.0,157.5,149.125,39.0
condition2_PosN,3.6402775905949976e-11,,3.6402775905949976e-11,1,0.0006648854396801541,0.00997859212548935,0.0,164.0,218.0,151.0,157.5,172.625,67.0
neighborhood_Veenker,2.8840979250461485e-11,,2.8840979250461485e-11,1,0.0009158687650720584,0.0010060297749493463,0.0,165.0,208.0,212.0,157.5,185.625,54.5
lotconfig_FR3,2.6982163935189797e-11,,2.6982163935189797e-11,1,0.00014225579678665788,0.0020143572254605058,0.0,166.0,276.0,202.0,157.5,200.375,118.5
neighborhood_Gilbert,2.2557833765845245e-11,,2.2557833765845245e-11,1,0.005225493267412718,0.030502673231266098,0.0,167.0,109.0,78.0,157.5,127.875,89.0
housestyle_SLvl,2.0104811162693875e-11,,2.0104811162693875e-11,1,0.001925103386333178,0.025382925820448987,0.0,168.0,172.0,89.0,157.5,146.625,83.0
paveddrive_P,1.9036327201654777e-11,,1.9036327201654777e-11,1,0.0021128829734343426,0.015880942275088294,0.0,169.0,164.0,117.0,157.5,151.875,52.0
exterior1st_Stucco,1.6671487694061785e-11,,1.6671487694061785e-11,1,0.0018396394927749156,0.0,0.0,170.0,175.0,252.0,157.5,188.625,94.5
neighborhood_Blmngtn,1.6339892092698714e-11,,1.6339892092698714e-11,1,0.0023508536063302334,0.0,0.0,171.0,154.0,252.0,157.5,183.625,98.0
neighborhood_ClearCr,1.5717781282290668e-11,,1.5717781282290668e-11,1,0.0021569247732233536,0.014480568788543868,0.0,172.0,161.0,123.0,157.5,153.375,49.0
functional_Maj1,1.0009270946529475e-11,,1.0009270946529475e-11,1,0.0006619264918937877,0.0033103385388764117,0.0,173.0,219.0,190.0,157.5,184.875,61.5
bsmtfintype1_Rec,9.87487222387702e-12,,9.87487222387702e-12,1,0.0059372957017862805,0.00031684565683209875,0.0,174.0,103.0,218.0,157.5,163.125,115.0
fireplacequ_Gd,6.69355193230463e-12,,6.69355193230463e-12,1,0.01438266866813133,0.0572015160345265,0.0,175.0,56.0,51.0,157.5,109.875,124.0
condition1_RRAn,6.6729381846058184e-12,,6.6729381846058184e-12,1,0.0009556198385498486,0.005217792410697308,0.0,176.0,204.0,179.0,157.5,179.125,46.5
functional_Sev,6.5711161075634505e-12,,6.5711161075634505e-12,1,0.00017135031349880525,0.006675474586182006,0.0,177.0,268.0,162.0,157.5,191.125,110.5
neighborhood_Sawyer,5.917531553169296e-12,,5.917531553169296e-12,1,0.0029040960112711274,0.02779756825617996,0.0,178.0,143.0,85.0,157.5,140.875,93.0
lotconfig_Corner,4.858170954839826e-12,,4.858170954839826e-12,1,0.004352669695009593,0.0,0.0,179.0,117.0,252.0,157.5,176.375,135.0
exterior2nd_HdBoard,4.6403670149340115e-12,,4.6403670149340115e-12,1,0.004386636989101855,0.019417297714866333,0.0,180.0,116.0,107.0,157.5,140.125,73.0
exterior2nd_ImStucc,4.284388335195635e-12,,4.284388335195635e-12,1,0.0003958730806634189,0.006759204290598175,0.0,181.0,241.0,161.0,157.5,185.125,83.5
garagetype_2Types,3.159836926931263e-12,,3.159836926931263e-12,1,0.0007921762550548858,0.0,0.0,182.0,211.0,252.0,157.5,200.625,94.5
bsmtqual_Fa,2.9129195788152743e-12,,2.9129195788152743e-12,1,0.003000644764623782,0.010365656146712032,0.0,183.0,139.0,150.0,157.5,157.375,44.0
fence_MnWw,2.3354931861735755e-12,,2.3354931861735755e-12,1,0.0009236424104607845,0.004444276478789089,0.0,184.0,206.0,187.0,157.5,183.625,48.5
heating_GasA,1.8412797738063177e-12,,1.8412797738063177e-12,1,0.0032804488127158964,0.014118083653669622,0.0,185.0,135.0,125.0,157.5,150.625,60.0
housestyle_1Story,1.7946560842555409e-12,,1.7946560842555409e-12,1,0.02592913011292595,0.016415427471823785,0.0,186.0,34.0,114.0,157.5,122.875,152.0
condition1_Feedr,1.6093128905638281e-12,,1.6093128905638281e-12,1,0.003454591480350782,0.010911983585139229,0.0,187.0,130.0,145.0,157.5,154.875,57.0
fence_GdPrv,1.0598048793474143e-12,,1.0598048793474143e-12,1,0.0020140167565258302,0.0032022177488726378,0.0,188.0,167.0,192.0,157.5,176.125,34.5
exterior2nd_BrkFace,7.972491922985789e-13,,7.972491922985789e-13,1,0.0011762388535474615,0.005131132096668711,0.0,189.0,195.0,181.0,157.5,180.625,37.5
condition1_PosA,5.116439664390677e-13,,5.116439664390677e-13,1,0.0006522686292876799,0.0,0.0,190.0,220.0,252.0,157.5,204.875,94.5
condition1_RRAe,4.080191337277323e-13,,4.080191337277323e-13,1,0.000317450928401061,0.004125043303269793,0.0,191.0,248.0,188.0,157.5,196.125,90.5
heating_Grav,3.1561896713797906e-13,,3.1561896713797906e-13,1,0.00055814794643912,0.004683116213036409,0.0,192.0,226.0,183.0,157.5,189.625,68.5
foundation_Wood,2.0469574608028291e-13,,2.0469574608028291e-13,1,0.00020092656842748532,0.0,0.0,193.0,266.0,252.0,157.5,217.125,108.5
housestyle_SFoyer,1.9565231959268329e-13,,1.9565231959268329e-13,1,0.0025623282616418124,0.014522597547202754,0.0,194.0,148.0,122.0,157.5,155.375,72.0
condition1_PosN,1.4790660919665583e-13,,1.4790660919665583e-13,1,0.0012950558321464815,0.0,0.0,195.0,191.0,252.0,157.5,198.875,94.5
garagequal_Ex,1.4783369612512286e-13,,1.4783369612512286e-13,1,0.0003617679606992619,0.012326078094970216,0.0,196.0,244.0,135.0,157.5,183.125,109.0
electrical_SBrkr,1.3694421421424645e-13,,1.3694421421424645e-13,1,0.009532459706709753,0.06405751784066438,0.0,197.0,77.0,47.0,157.5,119.625,150.0
functional_Min2,9.176976627935718e-14,,9.176976627935718e-14,1,0.0015726121412671325,0.010567494704423419,0.0,198.0,183.0,147.0,157.5,171.375,51.0
condition1_RRNn,8.14849776263518e-14,,8.14849776263518e-14,1,0.00016368638041754964,0.0,0.0,199.0,271.0,252.0,157.5,219.875,113.5
fence_GdWo,8.032946041620576e-14,,8.032946041620576e-14,1,0.0029213788980735193,0.012436379932946107,0.0,200.0,142.0,134.0,157.5,158.375,66.0
garagequal_TA,7.852642033866458e-14,,7.852642033866458e-14,1,0.004422630893557553,0.0,0.0,201.0,114.0,252.0,157.5,181.125,138.0
functional_Maj2,6.409205835440008e-14,,6.409205835440008e-14,1,0.0003031401992872258,0.0,0.0,202.0,251.0,252.0,157.5,215.625,94.5
bldgtype_2fmCon,4.421889026708094e-14,,4.421889026708094e-14,1,0.004431582196719217,0.013339909562771535,0.0,203.0,113.0,130.0,157.5,150.875,90.0
street_Pave,3.602076378872888e-14,,3.602076378872888e-14,1,0.0004996663264683762,0.0,0.0,204.0,230.0,252.0,157.5,210.875,94.5
street_Grvl,3.602024140563399e-14,,3.602024140563399e-14,1,0.0004996663264683763,0.0,0.0,205.0,229.0,252.0,157.5,210.875,94.5
heating_OthW,3.1468938061637154e-14,,3.1468938061637154e-14,1,0.0003168060416327418,0.004602901550005645,0.0,206.0,249.0,184.0,157.5,199.125,91.5
exterior2nd_Other,2.7675174366946904e-14,,2.7675174366946904e-14,1,0.000203022399630439,0.0028365099297573693,0.0,207.0,265.0,195.0,157.5,206.125,107.5
bsmtcond_Gd,2.620714147028488e-14,,2.620714147028488e-14,1,0.001811384753152056,0.011942457248892424,0.0,208.0,176.0,137.0,157.5,169.625,71.0
foundation_Slab,1.688679535089335e-14,,1.688679535089335e-14,1,0.002197657635793211,0.017499719614424425,0.0,209.0,158.0,109.0,157.5,158.375,100.0
roofstyle_Mansard,4.8956383280140706e-15,,4.8956383280140706e-15,1,0.0004229069974006091,0.0,0.0,210.0,239.0,252.0,157.5,214.625,94.5
electrical_FuseA,2.9976023405186808e-15,,2.9976023405186808e-15,1,0.006206185430393959,0.033783917417233855,0.0,211.0,100.0,73.0,157.5,135.375,138.0
garagetype_Basment,2.1629112426727977e-15,,2.1629112426727977e-15,1,0.0005591962658888053,0.0,0.0,212.0,225.0,252.0,157.5,211.625,94.5
mszoning_RH,1.2787763128213578e-15,,1.2787763128213578e-15,1,0.0015241632679272737,0.007313189681559917,0.0,213.0,184.0,160.0,157.5,178.625,55.5
roofmatl_Tar&Grv,8.490007669853981e-16,,8.490007669853981e-16,1,0.0009200092294121651,0.005806719715048647,0.0,214.0,207.0,170.0,157.5,187.125,56.5
kitchenqual_Fa,7.856537451860349e-16,,7.856537451860349e-16,1,0.00329443848111347,0.029007582934358123,0.0,215.0,134.0,80.0,157.5,146.625,135.0
exterior2nd_AsbShng,5.102434014957066e-16,,5.102434014957066e-16,1,0.002240921788382074,0.009559337373193477,0.0,216.0,156.0,155.0,157.5,171.125,61.0
heating_GasW,2.977394095599403e-16,,2.977394095599403e-16,1,0.0018726228012995367,0.0029129602231900975,0.0,217.0,174.0,194.0,157.5,185.625,59.5
foundation_Stone,2.521885332737908e-16,,2.521885332737908e-16,1,0.0007629794408515519,0.005908257087948288,0.0,218.0,215.0,169.0,157.5,189.875,60.5
roofmatl_CompShg,1.5685688335130696e-16,,1.5685688335130696e-16,1,0.0023644082597900577,0.0,0.0,219.0,153.0,252.0,157.5,195.375,99.0
utilities_AllPub,1.5112376289424124e-16,,1.5112376289424124e-16,1,0.0001429423001196429,0.011811414896967465,0.0,220.0,274.0,138.0,157.5,197.375,136.0
utilities_NoSeWa,1.5112326409093884e-16,,1.5112326409093884e-16,1,0.000142942300119643,0.0,0.0,221.0,273.0,252.0,157.5,225.875,115.5
electrical_FuseF,1.307126070588313e-16,,1.307126070588313e-16,1,0.00297319074324037,0.02409903346932918,0.0,222.0,140.0,92.0,157.5,152.875,130.0
saletype_CWD,1.2112745542603318e-16,,1.2112745542603318e-16,1,0.0004263449666931668,0.0,0.0,223.0,238.0,252.0,157.5,217.625,94.5
saletype_ConLD,5.632149064931656e-17,,5.632149064931656e-17,1,0.0005195294690102099,0.0,0.0,224.0,227.0,252.0,157.5,215.125,94.5
saletype_Con,4.351782204416179e-17,,4.351782204416179e-17,1,0.00026419190892296835,0.005503167488400407,0.0,225.0,255.0,173.0,157.5,202.625,97.5
bsmtfintype2_LwQ,4.19251771088853e-17,,4.19251771088853e-17,1,0.0026219147014823465,0.002015996090994232,0.0,226.0,147.0,201.0,157.5,182.875,79.0
functional_Mod,2.806841853384814e-17,,2.806841853384814e-17,1,0.0011462807942608372,0.0,0.0,227.0,197.0,252.0,157.5,208.375,94.5
exterior1st_Stone,2.6379606589154892e-17,,2.6379606589154892e-17,1,0.00013955523039582089,0.0,0.0,228.0,277.0,252.0,157.5,228.625,119.5
heatingqc_Fa,2.5186389734721256e-17,,2.5186389734721256e-17,1,0.0033181400546962495,0.013082686313678371,0.0,229.0,132.0,133.0,157.5,162.875,97.0
neighborhood_NPkVill,1.7338713126752854e-17,,1.7338713126752854e-17,1,0.0006501747655307511,0.01506467298011871,0.0,230.0,221.0,120.0,157.5,182.125,110.0
lotshape_IR3,1.5688384140251444e-17,,1.5688384140251444e-17,1,0.0013492275532087288,0.0,0.0,231.0,190.0,252.0,157.5,207.625,94.5
bsmtfintype2_GLQ,1.2617099165395688e-17,,1.2617099165395688e-17,1,0.0004427334233616592,0.0,0.0,232.0,235.0,252.0,157.5,219.125,94.5
garagecond_Gd,1.123552809063654e-17,,1.123552809063654e-17,1,0.000502362718208976,0.0,0.0,233.0,228.0,252.0,157.5,217.625,94.5
exterqual_Fa,8.047353096436667e-18,,8.047353096436667e-18,1,0.0011477992454825673,0.00014154108599284676,0.0,234.0,196.0,220.0,157.5,201.875,76.5
exterior1st_AsbShng,3.442446354349726e-18,,3.442446354349726e-18,1,0.0020672408011031492,0.005174146482561426,0.0,235.0,165.0,180.0,157.5,184.375,77.5
roofmatl_WdShngl,2.45910648049225e-18,,2.45910648049225e-18,1,0.0006465997894438551,0.0,0.0,236.0,223.0,252.0,157.5,217.125,94.5
neighborhood_SWISU,2.3873655995540544e-18,,2.3873655995540544e-18,1,0.0017093177975037782,0.0015098499973953405,0.0,237.0,177.0,206.0,157.5,194.375,79.5
fireplacequ_Po,1.719508717954686e-18,,1.719508717954686e-18,1,0.0009421402630265152,0.00608841976938268,0.0,238.0,205.0,166.0,157.5,191.625,80.5
roofstyle_Flat,9.093867046218945e-19,,9.093867046218945e-19,1,0.0011169995619745641,0.0,0.0,239.0,198.0,252.0,157.5,211.625,94.5
electrical_FuseP,8.188136077377153e-19,,8.188136077377153e-19,1,0.00043103503668619073,0.001239799249726059,0.0,240.0,237.0,209.0,157.5,210.875,82.5
neighborhood_BrDale,6.117603746208432e-19,,6.117603746208432e-19,1,0.002486055191300687,0.021275968899951758,0.0,241.0,150.0,99.0,157.5,161.875,142.0
garagecond_Ex,6.078473991049711e-19,,6.078473991049711e-19,1,0.0002617090290144389,0.003771483522097774,0.0,242.0,257.0,189.0,157.5,211.375,99.5
landslope_Sev,3.7239257873197524e-19,,3.7239257873197524e-19,1,0.0015187997588760006,0.002481380071432948,0.0,243.0,185.0,198.0,157.5,195.875,85.5
exterior2nd_Stone,2.412345442209933e-19,,2.412345442209933e-19,1,0.000366464867149268,0.0,0.0,244.0,243.0,252.0,157.5,224.125,94.5
roofstyle_Gambrel,8.678540340780696e-20,,8.678540340780696e-20,1,0.0008923598089919644,0.004582598241983371,0.0,245.0,210.0,186.0,157.5,199.625,87.5
saletype_ConLI,6.113162386370441e-20,,6.113162386370441e-20,1,0.0002682010662516485,0.0,0.0,246.0,254.0,252.0,157.5,227.375,96.5
garagecond_Po,1.0121334926553093e-20,,1.0121334926553093e-20,1,0.00043353013574406546,0.0010515371304230525,0.0,247.0,236.0,210.0,157.5,212.625,89.5
exterior2nd_AsphShn,6.5189033800849675e-21,,6.5189033800849675e-21,1,0.0002639210825706146,0.0009513291307444716,0.0,248.0,256.0,213.0,157.5,218.625,98.5
exterior1st_CBlock,1.880165897127067e-21,,1.880165897127067e-21,1,0.0001242310912323913,0.002492672012095132,0.0,249.5,279.5,197.0,157.5,220.875,122.0
exterior2nd_CBlock,1.880165897127067e-21,,1.880165897127067e-21,1,0.0001242310912323913,0.0,0.0,249.5,279.5,252.0,157.5,234.625,122.0
roofmatl_WdShake,3.6769623689744005e-22,,3.6769623689744005e-22,1,0.00029721565653355775,0.0030189578553329044,0.0,251.0,252.0,193.0,157.5,213.375,94.5
salecondition_AdjLand,2.489061274362033e-22,,2.489061274362033e-22,1,0.0003309464463124027,0.002569688083145616,0.0,252.0,247.0,196.0,157.5,213.125,94.5
roofmatl_Metal,1.4322011559653493e-23,,1.4322011559653493e-23,1,0.00016590499606600062,0.00501380606751789,0.0,253.0,270.0,182.0,157.5,215.625,112.5
condition2_Feedr,1.1189431765888183e-23,,1.1189431765888183e-23,1,0.00024173806015874647,0.0,0.0,254.0,260.0,252.0,157.5,230.875,102.5
poolqc_Gd,3.0267077253673628e-24,,3.0267077253673628e-24,1,0.0007800247923052708,0.003269072602593237,0.0,255.0,212.0,191.0,157.5,203.875,97.5
roofstyle_Shed,1.0409637635572416e-24,,1.0409637635572416e-24,1,0.0004001136646432269,0.00010889376278777618,0.0,256.0,240.0,222.0,157.5,218.875,98.5
miscfeature_Shed,4.0050486408930475e-25,,4.0050486408930475e-25,1,0.0007645251593406413,0.0,0.0,257.0,214.0,252.0,157.5,220.125,99.5
condition2_Artery,3.4923167507440137e-25,,3.4923167507440137e-25,1,0.000494204438786213,0.0017044655234963457,0.0,258.0,231.0,203.0,157.5,212.375,100.5
exterior2nd_Brk Cmn,3.383194290787133e-25,,3.383194290787133e-25,1,0.0006443274827808807,0.009685515692944291,0.0,259.0,224.0,154.0,157.5,198.625,105.0
condition1_RRNe,3.069003146739932e-25,,3.069003146739932e-25,1,0.00013159902408340854,0.00011437719551310455,0.0,260.0,278.0,221.0,157.5,229.125,120.5
housestyle_2.5Fin,1.5143271515263254e-25,,1.5143271515263254e-25,1,0.0012131240393286888,0.0,0.0,261.0,194.0,252.0,157.5,216.125,103.5
miscfeature_TenC,1.066178982465375e-25,,1.066178982465375e-25,1,0.00046706428694172895,0.0,0.0,262.5,233.5,252.0,157.5,226.375,105.0
poolqc_Fa,1.066178982465375e-25,,1.066178982465375e-25,1,0.00046706428694172895,0.011700886942434874,0.0,262.5,233.5,139.0,157.5,198.125,123.5
neighborhood_Blueste,9.172685134742107e-26,,9.172685134742107e-26,1,0.00016830707695710185,0.0,0.0,264.0,269.0,252.0,157.5,235.625,111.5
heating_Wall,7.154546658108368e-26,,7.154546658108368e-26,1,0.0006481895660034075,0.0,0.0,265.0,222.0,252.0,157.5,224.125,107.5
condition2_RRAn,6.697598917325138e-26,,6.697598917325138e-26,1,0.00020835391598541563,0.0023212679738553454,0.0,266.0,263.0,200.0,157.5,221.625,108.5
poolqc_Ex,3.160316466993817e-26,,3.160316466993817e-26,1,0.00038074951889359844,0.012060625813512527,0.0,267.0,242.0,136.0,157.5,200.625,131.0
heating_Floor,9.36664410350443e-27,,9.36664410350443e-27,1,0.0001738811046442528,0.0,0.0,268.0,267.0,252.0,157.5,236.125,110.5
exterior1st_AsphShn,4.505058165337033e-27,,4.505058165337033e-27,1,0.00022126160966432775,0.0,0.0,269.0,262.0,252.0,157.5,235.125,111.5
saletype_Oth,3.960915852559034e-27,,3.960915852559034e-27,1,0.00024631104823591985,0.00537129746824383,0.0,270.0,258.0,176.0,157.5,215.375,112.5
roofmatl_Roll,1.4782914398896704e-27,,1.4782914398896704e-27,1,0.00024321867314176608,0.0,0.0,271.0,259.0,252.0,157.5,234.875,113.5
condition2_RRAe,3.5395515534729456e-28,,3.5395515534729456e-28,1,0.0003606952166995795,0.0003907914857126382,0.0,272.5,245.5,216.0,157.5,222.875,115.0
miscfeature_Gar2,3.5395515534729456e-28,,3.5395515534729456e-28,1,0.0003606952166995795,0.005963092967609662,0.0,272.5,245.5,167.0,157.5,210.625,115.0
extercond_Ex,3.2436129042572573e-28,,3.2436129042572573e-28,1,0.0002967438468773194,0.0,0.0,274.0,253.0,252.0,157.5,234.125,116.5
extercond_Po,5.418270642717195e-29,,5.418270642717195e-29,1,0.00014290594460293325,0.0024157531307111846,0.0,275.0,275.0,199.0,157.5,226.625,117.5
saletype_ConLw,8.617104391745605e-30,,8.617104391745605e-30,1,0.0002081228637178266,0.0,0.0,276.0,264.0,252.0,157.5,237.375,118.5
bsmtcond_Po,6.350448946422904e-30,,6.350448946422904e-30,1,0.0002228447453537383,0.0,0.0,277.0,261.0,252.0,157.5,236.875,119.5
exterior1st_BrkComm,4.2352302107406066e-30,,4.2352302107406066e-30,1,0.00015690496453250224,0.0210281404534175,0.0,278.0,272.0,100.0,157.5,201.875,178.0
roofmatl_ClyTile,3.234010643667896e-32,,3.234010643667896e-32,1,0.0009043729150724082,0.0,0.0,279.0,209.0,252.0,157.5,224.375,121.5
garagequal_Po,8.175747262735244e-34,,8.175747262735244e-34,1,0.00031520748237059715,0.0016841463426016112,0.0,280.0,250.0,205.0,157.5,223.125,122.5
